,IATA AIRPORT CODES,,,,,,"City, Airport",Country,Code,Aarhus,Denmark,AAR,Abadan,Iran,ABD,Abeche,Chad,AEH,Aberdeen,United Kingdom,ABZ,"Aberdeen, SD",USA,ABR,Abidjan,Ivory Coast,ABJ,"Abilene, TX",USA,ABI,Abu Dhabi,UAE,AUH,Abuja International,Nigeria,ABV,Abu Rudeis,Egypt,AUE,Abu Simbel,Egypt,ABS,Acapulco,Mexico,ACA,Accra,Ghana,ACC,Adana,Turkey,ADA,Addis Ababa,Ethiopia,ADD,Adelaide,Australia,ADL,Aden,Yemen,ADE,Adler/Sochi,Russia,AER,Agades,Niger,AJY,Agadir,Morocco,AGA,Agana,Guam,SUM,Aggeneys,South Africa,AGZ,Aguadilla,Puerto Rico,BQN,Aguascaliente,Mexico,AGU,Ahmedabad,India,AMD,Ajaccio,France,AJA,Akita,Japan,AXT,"Akron, OH",USA,CAK,Akrotiri - RAF,Cyprus,AKT,Aktyubinsk,Kazakhstan,ADX,Al Ain,United Arab Emirates,AAN,Al Arish,Egypt,AAC,Al Arish,Egypt,AAC,Albany,Australia,ALH,"Albany, GA",USA,ABY,"Albany, NY",USA,ALB,Albi,France,LBI,Alborg,Denmark,AAL,"Albuquerque, NM",USA,ABQ,Albury,Australia,ABX,Alesund,Norway,AES,Alexander Bay,South Africa,ALJ,"Alexandria, El Nhouza Airport",Egypt,ALY,"Alexandria, La",USA,ESF,Alfujairah (Fujairah),UAE,FJR,Alghero Sassari,Italy,AHO,Algiers,Algeria,ALG,Al Hoceima,Morocco,AHU,Alicante,Spain,ALC,Alice Springs,Australia,ASP,Alldays,South Africa,ADY,"Allentown, PA",USA,ABE,Alma Ata,Kazakhstan,ALA,Almeria,Spain,LEI,Aleppo,Syria,ALP,Alta,Norway,ALF,Altenrhein,Switzerland,ACH,"Altoona, PA",USA,AOO,Amami,Japan,ASJ,"Amarillo, TX",USA,AMA,"Amman, Queen Alia Intl",Jordan,AMM,"Amman, Civil - Marka Airport",Jordan,ADJ,Amritsar,India,ATQ,"Amsterdam, Schiphol",Netherlands,AMS,Anand,India,QNB,"Anchorage, AK",USA,ANC,Ancona,Italy,AOI,Andorra La Vella H/P,Andorra,ALV,Anguilla,Anguilla,AXA,Anjouan,Comoros (Comores),AJN,Ankara,Turkey,ANK,Annaba,Algeria,AAE,"Ann Arbor, MI",USA,ARB,Annecy,France,NCY,"Anniston, AL",USA,ANB,Antalya,Turkey,AYT,Antananarivo (Tanannarive),Madagascar,TNR,Antigua,Antigua,ANU,Antwerp,Belgium,ANR,Aomori,Japan,AOJ,Apia,Samoa,APW,"Appelton/Neenah/Menasha, WI",USA,ATW,Aqaba,Jordan,AQJ,Aracaju,Brazil,AJU,Arkhangelsk,Russian Federation,ARH,Arusha,Tanzania,ARK,Araxos,Greece,GPA,Arlit,Niger,RLT,Armenia,Colombia,AXS,Arrecife/Lanzarote,Spain,ACE,Aruba,Aruba,AUA,"Asheville, NC",USA,AVL,"Ashgabat, Ashkhabat",Turkmenistan,ASB,"Aspen Snowmass, CO",USA,ASE,Assiut,Egypt,ATZ,Astana,Kazakstan,TSE,Asuncion,Paraguay,ASU,"Aswan, Daraw Airport",Egypt,ASW,Athens,Greece,ATH,"Athens, Hellinikon Airport",Greece,HEW,"Athens, GA",USA,AHN,"Athens, OH",USA,ATO,"Atlanta, Hartsfield Atlanta Int'l Airport",USA,ATL,"Atlantic City, NJ",USA,ACY,"Attawapiskat, NT",Canada,YAT,Auckland,New Zealand,AKL,Augsburg,Germany,AGB,"Augusta, GA",USA,AGS,"Augusta, ME",USA,AUG,Aurillac,France,AUR,"Austin, TX",USA,AUS,Ayers Rock,Australia,AYQ,Ayr,Australia,AYR,Badajoz,Spain,BJZ,"Bagdad, Al Muthana",Iraq,BGW,"Bagdad, Saddam International",Iraq,SDA,Bagdogra,India,IXB,Bahawalpur,Pakistan,BHV,Bahrain,Bahrain,BAH,"Bakersfield, CA",USA,BFL,Baku,Azerbaijan,BAK,Ballina,Australia,BNK,Baltimore Washington Int'l Airport; MD,USA,BWI,Bamaga,Australia,ABM,Bamako,Mali,BKO,Bambari,Central African Republic,BBY,Bandar Seri Begawan,Brunei,BWN,Bangalore,India,BLR,Bangassou,Central African Republic,BGU,Bangkok,Thailand,BKK,"Bangor, ME",USA,BGR,Bangui,Central African Republic,BGF,Banjul,Gambia,BJL,Bannu,Pakistan,BNP,Barcelona,Spain,BCN,Barcelona,Venezuela,BLA,Bardufoss,Norway,BDU,Bari,Italy,BRI,Barisal,Bangladesh,BZL,Baronda,India,BDQ,Barranquilla,Colombia,BAQ,Basel,Switzerland,BSL,Basel/Mulhouse,Switzerland/France,EAP,"Basra, Basrah",Iraq,BSR,Bastia,France,BIA,"Baton Rouge, La",USA,BTR,Bayreuth,Germany,BYU,"Beaumont/Pt. Arthur, TX",USA,BPT,"Beckley, WV",USA,BKW,Beef Island,"Virgin Islands, British",EIS,Beijing,China,PEK,Beijing - Nanyuan Airport,China,NAY,Beira,Mozambique,BEW,Beirut,Lebanon,BEY,Belem,Brazil,BEL,Belfast - Harbour,United Kingdom,BHD,Belfast International,United Kingdom,BFS,Belgaum,India,IXG,Belgrad (Beograd),Yugoslavia,BEG,Belize City,Belize,BZE,"Bellingham, WA",USA,BLI,Belo Horizonte,Brazil,CNF,"Bemidji, MN",USA,BJI,Bengasi,Libya,BEN,Bengueka,Angola,BUG,"Benton Harbour, MI",USA,BEH,Berberati,Central African Republic,BBT,Bergamo,Italy,BGY,Bergen,Norway,BGO,Berlin,Germany,BER,"Berlin, Schoenefeld",Germany,SXF,"Berlin, Tegel",Germany,TXL,"Berlin, Tempelhof",Germany,THF,Bermuda,Bermuda,BDA,Bern,Switzerland,BRN,Bern,Switzerland,ZDJ,"Bethel, AK",USA,BET,Bhopal,India,BHO,Bhubaneswar,India,BBI,Biarritz,France,BIQ,Bilbao,Spain,BIO,"Billings, MT",USA,BIL,Billund,Denmark,BLL,Bintulu,Malaysia,BTU,Biraro,Central African Republic,IRO,Birmingham,United Kingdom,BHX,"Birmingham, AL",USA,BHM,"Bismarck/Mandan, ND",USA,BIS,Bissau,Guinea Bissau,BXO,Blackwater,Australia,BLT,Blantyre,Malawi,BLZ,Blenheim,New Zealand,BHE,Bloemfontein,South Africa,BFN,"Bloomington, IL",USA,BMI,"Bloomington, IN",USA,BMG,"Bluefield, WV",USA,BLF,Boa Vista,Brazil,BVB,Bobo/Dioulasso,Burkina Faso,BOY,Bodo,Norway,BOO,Bogota,Colombia,BOG,"Boise, ID",USA,BOI,Bologna,Italy,BLQ,Bombay,India,BOM,Bonaire,Netherlands Antilles,BON,"Bonaventure, PQ",Canada,YVB,Bora Bora,French Polynesia,BOB,Bordeaux,France,BOD,Borg El Arab Airport,Egypt,HBH,"Borrego Springs, CA",USA,BXS,"Boston - Logan, MA",USA,BOS,Bouake,Ivory Coast,BYK,Bourgas/Burgas,Bulgaria,BOJ,Bowen,Australia,ZBO,"Bozeman, MT",USA,BZN,"Bradford/Warren, PA/Olean, NY",USA,BFD,"Brainerd, MN",USA,BRD,Brampton Island,Australia,BMP,Brasilia,Brazil,BSB,Bratislava,Slovakia,BTS,Brazzaville,Congo,BZV,Bremen,Germany,BRE,"Brescia, Montichiari",Italy,VBS,Brest,France,BES,Bria,Central African Republic,BIV,"Bridgeport, CT",USA,BDR,"Bridgetown, Grantley Adams Int'l",Barbados,BGI,Brindisi,Italy,BDS,Brisbane,Australia,BNE,Bristol,United Kingdom,BRS,Broennoeysund,Norway,BNN,Broken Hill,Australia,BHQ,"Brookings, SD",USA,BKX,Broome,Australia,BME,"Brunswick, GA",USA,BQK,Brussels,Belgium,BRU,Bucaramanga,Colombia,BGA,"Budapest, Ferihegy",Hungary,BUD,Buenos Aires,Argentina,BUE,"Buenos Aires, Ezeiza Int'l Airport",Argentina,EZE,"Buenos Aires, Jorge Newbery",Argentina,AEP,Buffalo Range,Zimbabwe,BFO,"Buffalo/Niagara Falls, NY",USA,BUF,Bujumbura,Burundi,BJM,Bucharest,Romania,BUH,"Bucharest, Otopeni",Romania,OTP,Bulawayo,Zimbabwe,BUQ,"Bullhead City, NV",USA,BHC,Bundaberg,Australia,BDB,"Burbank, CA",USA,BUR,"Burlington, IA",USA,BRL,"Burlington, VT",USA,BTV,Burnie (Wynyard),Australia,BWT,"Butte, MT",USA,BTM,Cabinda,Angola,CAB,Cagliari,Italy,CAG,Cairns,Australia,CNS,Cairo Int'l,Egypt,CAI,Calcutta (Kolkata) - Netaji Subhas Chandra,India,CCU,Komatsu,Japan,KMQ,Calgary/Banff,Canada,YYC,Cali,Colombia,CLO,Calicut,India,CCJ,Calvi,France,CLY,Cambridge Bay,Canada,YCB,Cambrigde,United Kingdom,CBG,Campo Grande,Brazil,CGR,Canberra,Australia,CBR,Cancun,Mexico,CUN,Cape Town,South Africa,CPT,Caracas,Venezuela,CCS,Cardiff,United Kingdom,CWL,"Carlsbad, CA",USA,CLD,Carnarvon,Australia,CVQ,Carnot,Central African Republic,CRF,Casa de Campo/La Romana,Dominican Republic,LRM,Casablanca,Morocco,CAS,"Casablanca, Mohamed V",Morocco,CMN,Casino,Australia,CSI,"Casper, WY",USA,CPR,Catagena,Colombia,CTG,Catania,Italy,CTA,Cayenne,French Guayana,CAY,Cebu,Philippines,CBU,"Cedar City, UT",USA,CDC,"Cedar Rapids, IA",USA,CID,Ceduna,Australia,CED,Cessnock,Australia,CES,Chabarovsk (Khabarovsk),Russia,KHV,Chambery,France,CMF,"Champaign, IL",USA,CMI,Chandigarh,India,IXC,Changchun,"Jilin, China",CGQ,Chania,Greece,CHQ,"Charleston, SC",USA,CHS,"Charleston, WV",USA,CRW,"Charlotte, NC",USA,CLT,"Charlottesville, VA",USA,CHO,Charters Towers,Australia,CXT,"Chattanooga, TN",USA,CHA,Chengdu,"Sichuan, China",CTU,Chennai (Madras),India,MAA,"Cheyenne, WY",USA,CYS,Chiang Mai,Thailand,CNX,Chiba City,Japan,QCB,"Chicago, Midway, IL",USA,MDW,"Chicago O'Hare Int'l Airport, IL",USA,ORD,"Chicago, IL",USA,CHI,Chichen Itza,Mexico,CZA,"Chico, CA",USA,CIC,"Chihuahua, Gen Fierro Villalobos",Mexico,CUU,Chios,Greece,JKH,Chipata,Zambia,CIP,Chita (Tschita),Russia,HTA,Chitose,Japan,CTS,Chitral,Pakistan,CJL,Chittagong,Bangladesh,CGP,Chongqing,"Sichuan, China",CKG,Christchurch,New Zealand,CHC,Christmas Line,Iceland,CXI,Chub Cay,Bahamas,CCZ,Churchill,Canada,YYQ,Cienfuegos,Canada,CFG,"Cincinnati, OH",USA,CVG,Ciudad Del Carmen,Mexico,CME,Ciudad Juarez,Mexico,CJS,Ciudad Obregon,Mexico,CEN,Ciudad Victoria,Mexico,CVM,"Clarksburg, WV",USA,CKB,Clermont,Australia,CMQ,Clermont Ferrand,France,CFE,"Cleveland, Burke Lakefront, OH",USA,BKL,"Cleveland, Hopkins, OH",USA,CLE,Cochabamba,Bolivia,CBB,Cochin,India,COK,"Cody/Powell/Yellowstone, WY",USA,COD,"Coffmann Cove, AK",USA,KCC,Coffs Harbour,Australia,CFS,Coimbatore,India,CJB,Colima,Mexico,CLQ,"College Station/Bryan, TX",USA,CLL,Collinsville,Australia,KCE,Cologne (Koeln)/Bonn,Germany,CGN,Colombo,Sri Lanka,CMB,"Colorado Springs, CO",USA,COS,"Columbia, SC",USA,CAE,"Columbus, GA",USA,CSG,"Columbus, OH",USA,CMH,Conakry,Guinea,CKY,"Concord, CA",USA,CCR,Constantine,Algeria,CZL,Constanza,Romania,CND,Coober Pedy,Australia,CPD,Cooktown,Australia,CTN,Cooma,Australia,OOM,Copenhagen,Denmark,CPH,Cordoba,Argentina,COR,Cordoba,Spain,ODB,"Cordova, AK",USA,CDV,Corfu,Greece,CFU,Cork,Ireland,ORK,"Corpus Christi, TX",USA,CRP,Cotonou,Benin,COO,Cozmel,Mexico,CZM,"Craig, AK",USA,CGA,"Crescent City, CA",USA,CEC,Cuiaba,Brazil,CGB,Culiacan,Mexico,CUL,Curacao,Netherlands Antilles,CUR,Curitiba,Brazil,CWB,Dakar,Senegal,DKR,Dalaman,Turkey,DLM,Dalby,Australia,DBY,Dalian,"Liaoning, China",DLC,"Dallas, Love Field, TX",USA,DAL,"Dallas/Ft. Worth, TX",USA,DFW,Daloa,Ivory Coast,DJO,"Damascus, International",Syria,DAM,"Dammam, King Fahad Int'l",Saudi Arabien,DMM,"Danville, VA",USA,DAN,Dar es Salam (Daressalam),Tanzania,DAR,Darwin,Australia,DRW,Daydream Island,Australia,DDI,"Dayton, OH",USA,DAY,"Daytona Beach, FL",USA,DAB,"Decatur, IL",USA,DEC,Deer Lake/Corner Brook,Canada,YDF,"Delhi, Indira Gandhi",India,DEL,Den Haag (The Hague),Netherlands,HAG,Denpasar/Bali,Indonesia,DPS,"Denver International Airport, CO",USA,DEN,Dera Ismail Khan,Pakistan,DSK,Derby,Australia,DRB,Derby (East Midlands),United Kingdom,EMA,Derry (Londonderry),United Kingdom,LDY,"Des Moines, IA",USA,DSM,"Detroit City, MI",USA,DET,"Detroit Metropolitan Wayne County Airport, MI",USA,DTW,"Detroit Metropolitan Area, MI",USA,DTT,"Devils Lake, ND",USA,DVL,Devonport,Australia,DPO,Dhahran,Saudi Arabia,DHA,Dhaka,Bangladesh,DAC,"Dillingham, AK",USA,DLG,Dinard,France,DNR,Djerba,Tunisia,DJE,Djibouti,Djibouti,JIB,Doha,Qatar,DOH,"Doncaster, Robin Hood Int'l Airport",UK,DCS,Dongguan,"Guangdong, China",DGM,Dortmund,Germany,DTM,"Dothan, AL",USA,DHN,Douala,Cameroon,DLA,Dresden,Germany,DRS,Dubai,UAE,DXB,Dubbo,Australia,DBO,Dublin,Ireland,DUB,"Dubois, PA",USA,DUJ,Dubrovnik,Croatia (Hrvatska),DBV,"Dubuque, IA",USA,DBQ,Duesseldorf,Germany,DUS,"Duluth, MN/Superior, WI",USA,DLH,Dunedin,New Zealand,DUD,Dunk Iceland,Australia,DKI,"Durango, CO",USA,DRO,Durban,South Africa,DUR,Dushanbe (Duschanbe),Tadschikistan,DYU,"Dutch Harbor, AK",USA,DUT,Dysart,Australia,DYA,Dzaoudzi,Mayotte,DZA,East London,South Africa,ELS,Easter Island,Chile,IPC,"Eau Clarie, WI",USA,EAU,Edinburgh,United Kingdom,EDI,Edmonton,Canada,YEA,"Edmonton, International",Canada,YEG,"Edmonton, Municipal",Canada,YXD,Egilsstadir,Iceland,EGS,Eindhoven,Netherlands,EIN,"El Paso, TX",USA,ELP,Elat,Israel,ETH,"Elat, Ovula",Israel,VDA,"Elkhart, IN",USA,EKI,"Elko, NV",USA,EKO,Ellisras,South Africa,ELL,El Minya,Egypt,EMY,"Elmira, NY",USA,ELM,"Ely, NV",USA,ELY,Emerald,Australia,EDR,Emerald,Australia,EMD,Enontekioe,Finland,ENF,Entebbe,Uganda,EBB,Erfurt,Germany,ERF,"Erie, PA",USA,ERI,"Eriwan (Yerevan, Jerevan)",Armenia,EVN,Esbjerg,Denmark,EBJ,"Escabana, MI",USA,ESC,Esperance,Australia,EPR,"Eugene, OR",USA,EUG,"Eureka, CA",USA,ACV,"Evansville, IN",USA,EVV,Evenes,Norway,EVE,"Fairbanks, AK",USA,FAI,Faisalabad,Pakistan,LYP,"Fargo, ND, MN",USA,FAR,"Farmington, NM",USA,FMN,Faro,Portugal,FAO,Faroer,Denmark,FAE,"Fayetteville, AR",USA,FYV,"Fayetteville/Ft. Bragg, NC",USA,FAY,Fes,Morocco,FEZ,Figari,France,FSC,"Flagstaff, AZ",USA,FLG,Flin Flon,Canada,YFO,"Flint, MI",USA,FNT,Florence,Italy,FLR,"Florence, SC",USA,FLO,Florianopolis,Brazil,FLN,Floro,Norway,FRO,Fort Albert,Canada,YFA,Fort de France,Martinique,FDF,"Fort Dodge, IA",USA,FOD,"Fort Huachuca/Sierra Vista, AZ",USA,FHU,"Fort Lauderdale/Hollywood, FL",USA,FLL,Fort McMurray,Canada,YMM,"Fort Myers, Metropolitan Area, FL",USA,FMY,"Fort Myers, Southwest Florida Reg, FL",USA,RSW,Fort Smith,Canada,YSM,"Fort Smith, AR",USA,FSM,Fort St. John,Canada,YXJ,"Fort Walton Beach, FL",USA,VPS,"Fort Wayne, IN",USA,FWA,Fortaleza,Brazil,FOR,Francistown,Botswana,FRW,Frankfurt/Main Int'l Airport,Germany,FRA,Frankfurt/Hahn,Germany,HNN,"Franklin/Oil City, PA",USA,FKL,Fredericton,Canada,YFC,Freeport,Bahamas,FPO,Freetown,Sierra Leone,FNA,Frejus,France,FRJ,"Fresno, CA",USA,FAT,Friedrichshafen,Germany,FDH,Fuerteventura,Spain,FUE,"Fujairah, Int'l Airport",United Arab Emirates,FJR,Fukuoka,Japan,FUK,"Fukushima-shi, Fukushima Airport",Japan,FKS,Funchal,Portugal,FNC,Futuna,Wallis and Futuna Islands,FUT,Gaborone,Botswana,GBE,"Gadsden, AL",USA,GAD,"Gainesville, FL",USA,GNV,Galway,Ireland,GWY,Gander,Canada,YQX,Garoua,Cameroon,GOU,Gdansk,Poland,GDN,Geelong,Australia,GEX,Geneva,Switzerland,GVA,Genoa,Italy,GOA,George,South Africa,GRJ,Georgetown,Guyana,GEO,Geraldton,Australia,GET,Gerona,Spain,GRO,Gibraltar,Gibraltar,GIB,"Gilette, WY",USA,GCC,Gilgit,Pakistan,GIL,Gillam,Canada,YGX,Gladstone,Australia,GLT,"Glasgow, Prestwick",United Kingdom,PIK,Glasgow,United Kingdom,GLA,"Glasgow, MT",USA,GGW,"Glendive, MT",USA,GDV,Goa,India,GOI,Goiania,Brazil,GYN,Gold Coast,Australia,OOL,Goondiwindi,Australia,GOO,Goose Bay,Canada,YYR,Gorna,Bulgaria,GOZ,Goteborg,Sweden,GOT,Gove (Nhulunbuy),Australia,GOV,Govenors Harbour,Bahamas,GHB,Granada,Spain,GRX,Grand Bahama,Bahamas,GBI,"Grand Canyon, AZ",USA,GCN,Grand Cayman,Cayman Islands,GCM,"Grand Forks, ND",USA,GFK,"Grand Junction, CO",USA,GJT,"Grand Rapids, MI",USA,GRR,"Grand Rapids, MN",USA,GPZ,Graz,Austria,GRZ,"Great Falls, MT",USA,GTF,Great Keppel Island,Australia,GKL,"Green Bay, WI",USA,GRB,"Greenbrier/Lewisburg, WV",USA,LWB,"Greensboro/Winston Salem, NC",USA,GSO,"Greenville, MS",USA,GLH,"Greenville, NC",USA,PGV,"Greenville/Spartanburg, SC",USA,GSP,Grenada,Grenada,GND,Grenoble,France,GNB,Griffith,Australia,GFF,Groote Eyeland,Australia,GTE,Groote Eylandt,Australia,GTI,"Groton/New London, CT",USA,GON,Guadalajara,Mexico,GDL,Guadalcanal,Solomon Islands,GSI,Guam,Guam,GUM,Guangzhou (Canton) - Baiyun (White Cloud),"Guangdong, China",CAN,Guarulhos Int'l - Sao Paulo,Brazil,GRU,Guatemala City,Guatemala,GUA,Guayaquil,Ecuador,GYE,Guernsey,United Kingdom,GCI,"Gulfport/Biloxi, MS",USA,GPT,Gulu,Uganda,ULU,"Gunnison/Crested Butte, CO",USA,GUC,Guwahati,India,GAU,Gwadar,Pakistan,GWD,Gweru,Zimbabwe,GWE,Gympie,Australia,GYP,Hachijo Jima,Japan,HAC,Haifa,Israel,HFA,"Haines, AK",USA,HNS,Hakodate,Japan,HKD,Halifax Int'l,Canada,YHZ,Hall Beach,Canada,YUX,Hamburg - Fuhlsbuettel,Germany,HAM,Hamilton,Australia,HLT,Hamilton,Canada,YHM,Hamilton Island,Australia,HTI,Hammerfest,Norway,HFT,"Hancock, MI",USA,CMX,Hangchow (Hangzhou),"Zhejiang, China",HGH,Hannover,Germany,HAJ,Hanoi - Noibai,Viet Nam,HAN,Harare,Zimbabwe,HRE,Harbin (Haerbin),"Heilongjiang, China",HRB,"Harlington/South Padre Island, TX",USA,HRL,"Harrington Harbour, PQ",Canada,YHR,"Harrisburg, PA - Harrisburg Skyport",USA,HAR,"Harrisburg, PA - Harrisburg Int'l",USA,MDT,"Hartford, CT/Springfield, MA",USA,BDL,Hatyai (Hat Yai),Thailand,HDY,Haugesund,Norway,HAU,Havana - José Martí Int'l,Cuba,HAV,"Havre, MT",USA,HVR,Hayman Island,Australia,HIS,"Helena, MT",USA,HLN,Helsingborg,Sweden,JHE,Helsinki - Vantaa,Finland,HEL,Heraklion,Greece,HER,Hermosillo - Gen. Pesqueira Garcia,Mexico,HMO,Hervey Bay,Australia,HVB,"Hibbing, MN",USA,HIB,"Hickory, NC",USA,HKY,"Hilo, HI",USA,ITO,"Hilton Head Island, SC",USA,HHH,Hinchinbrook Island,Australia,HNK,Hiroshima International,Japan,HIJ,Ho Chi Minh City (Saigon),Viet Nam,SGN,Hobart,Australia,HBA,Hof,Germany,HOQ,Holguin,Cuba,HOG,Home Hill,Australia,HMH,"Homer, AK",USA,HOM,Hong Kong - Int'l Airport (HKIA),Hong Kong,HKG,Hong Kong - Chek Lap Kok,Hong Kong,ZJK,Honiara Henderson Int'l,Solomon Islands,HIR,"Honolulu, HI",USA,HNL,"Hoonah, AK",USA,HNH,Horta,Portugal,HOR,"Houston, Hobby, TX",USA,HOU,"Houston, Intercontinental, TX",USA,IAH,Huahine,French Polynesia,HUH,Huatulco,Mexico,HUX,Hue - Phu Bai,Viet Nam,HUI,Humberside,United Kingdom,HUY,"Huntington, OH",USA,HTS,"Huntsville, AL",USA,HSV,Hurghada Int'l,Egypt,HRG,"Huron, SD",USA,HON,Hwange National Park,Zimbabwe,HWN,"Hyannis, MA",USA,HYA,"Hydaburg, AK",USA,HYG,Hyderabad - Begumpet,India,HYD,Hyderabad,Pakistan,HDD,Ibiza,Ibiza/Spain,IBZ,"Idaho Falls, ID",USA,IDA,"Iguazu, Cataratas",Argentina,IGR,Ile des Pins,New Caledonia,ILP,Ile Ouen,New Caledonia,IOU,"Iliamna, AK",USA,ILI,"Imperial, CA",USA,IPL,Incercargill,New Zealand,IVC,"Incheon, Incheon Int'l Airport",Korea South,ICN,"Indianapolis, IN",USA,IND,Ingham,Australia,IGH,Innisfail,Australia,IFL,Innsbruck - Kranebitten,Austria,INN,"International Falls, MN",USA,INL,Inuvik,Canada,YEV,Invercargill,New Zealand,IVC,Inverness,United Kingdom,INV,"Inykern, CA",USA,IYK,Iqaluit (Frobisher Bay),Canada,YFB,Iquitos,Peru,IQT,Irkutsk,Russia,IKT,Ishigaki,Japan,LSG,Islamabad - Islamabad Int'l,Pakistan,ISB,Isle of Man,United Kingdom,IOM,Istanbul - Ataturk,Turkey,IST,"Ithaca/Cortland, NY",USA,ITH,Ivalo,Finland,IVL,Ixtapa/Zihuatenejo,Mexico,ZIH,Izmir,Turkey,IZM,"Jackson Hole, WY",USA,JAC,"Jackson, MI",USA,JXN,"Jackson, MS",USA,JAN,"Jackson, TN",USA,MKL,"Jacksonville, FL",USA,JAX,"Jacksonville, NC",USA,OAJ,Jacobabad,Pakistan,JAG,Jaipur - Sanganeer,India,JAI,Jakarta - Halim Perdanakusma,Indonesia,HLP,Jakarta - Kemayoran,Indonesia,JKT,Jakarta - Soekarno-Hatta,Indonesia,CGK,Jalandhar,India,JLR,"Jamestown, ND",USA,JMS,"Jamestown, NY",USA,JHW,Jamshedpur - Sonari,India,IXW,Jeddah - King Abdulaziz Int'l,Saudi Arabia,JED,Jerez de la Frontera/Cadiz,Spain,XRY,Jersey,United Kingdom,JER,Jerusalem,Israel,JRS,Jinan,"Shandong, China",TNA,Jiwani,Pakistan,JIW,Joacaba,Brazil,JCB,Joao Pessoa - Castro Pinto,Brazil,JPA,Joenkoeping,Sweden,JKG,Joensuu,Finland,JOE,Johannesburg - Johannesburg Int'l,South Africa,JNB,"Johnstown, PA",USA,JST,Johore Bahru,Malaysia,JHB,"Joplin, MO",USA,JLN,Jounieh,Lebanon,GJN,"Juneau, AK - Juneau Int'l",USA,JNU,Jyvaeskylae,Finland,JYV,Kabul - Khwaja Rawash,Afghanistan,KBL,Kagoshima,Japan,KOJ,"Kahului, HI",USA,OGG,Kajaani,Finland,KAJ,Kalamata,Greece,KLX,"Kalamazoo/Battle Creek, MI",USA,AZO,Kalgoorlie,Australia,KGI,"Kalispell, MT",USA,FCA,Kalmar,Sweden,KLR,Kano,Nigeria,KAN,"Kamuela, HI",USA,MUE,Kanpur,India,QJU,"Kansas City, MO - Int'l",USA,MCI,Kaohsiung Int'l,Taiwan,KHH,"Kapalua West, HI",USA,JHM,Karachi - Quaid-E-Azam Int'l,Pakistan,KHI,Karlsruhe-Baden - Soellingen,Germany,FKB,Karlstad,Sweden,KSD,Karpathos,Greece,AOK,Karratha,Australia,KTA,Karumba,Australia,KRB,Karup,Denmark,KRP,"Kaschechawan, PQ",Canada,ZKE,Kassala,Sudan,KSL,Katherine,Australia,KTR,Kathmandu - Tribhuvan,Nepal,KTM,Katima Mulilo/Mpacha,Namibia,MPA,Kauhajoki,Finland,KHJ,"Kaunakakai, HI",USA,MKK,Kavalla,Greece,KVA,Kazan (Ka San),Russia,KZN,Keetmanshoop,Namibia,KMP,"Kelowna, BC",Canada,YLW,Kemi/Tornio,Finland,KEM,Kempten,Germany,ZNS,"Kenai, AK",USA,ENA,Kerry County,Ireland,KIR,"Ketchikan, AK",USA,KTN,"Key West, FL",USA,EYW,Khamis Mushayat,Saudi Arabia,AHB,Kharga - New Valley,Egypt,UVL,Khartoum,Sudan,KRT,Khuzdar,Pakistan,KDD,Kiel - Holtenau,Germany,KEL,Kiev - Borispol,Ukraine,KBP,Kiev - Zhulhany,Ukraine,IEV,Kigali - Gregoire Kayibanda,Rwanda,KGL,Kilimadjaro,Tanzania,JRO,"Killeem, TX",USA,ILE,Kimberley,South Africa,KIM,King Island,King Island,KNS,"King Salomon, AK",USA,AKN,Kingscote,Australia,KGC,Kingston - Norman Manley,Jamaica,KIN,"Kingston, NC",USA,ISO,Kinshasa - N'Djili,Congo (Zaire),FIH,Kirkenes,Norway,KKN,Kirkuk,Iraq,KIK,Kiruna,Sweden,KRN,Kisangani,Zaire,FKI,Kittilä,Finland,KTT,Kitwe,Zambia,KIW,Klagenfurt,Austria,KLU,"Klamath Fall, OR",USA,LMT,"Klawock, AK",USA,KLW,Kleinsee,South Africa,KLZ,Knock,Ireland,NOC,"Knoxville, TN",USA,TYS,Kobe,Japan,UKB,Kochi,Japan,KCZ,"Köln, Köln/Bonn",Germany,CGN,"Kodiak, AK",USA,ADQ,Kohat,Pakistan,OHT,Kokkola/Pietarsaari,Finland,KOK,Kolkata (Calcutta) - Netaji Subhas Chandra,India,CCU,"Kona, HI",USA,KOA,Korhogo,Ivory Coast,HGO,Kos,Greece,KGS,Kota Kinabalu,Malaysia,BKI,"Kotzbue, AK",USA,OTZ,Kowanyama,Australia,KWM,Krakau,Poland,KRK,Kristiansand,Norway,KRS,Kristianstad,Sweden,KID,Kristiansund,Norway,KSU,Kuala Belait,Brunei,KUB,Kuala Lumpur - Int'l Airport,Malaysia,KUL,Kuala Lumpur - Sultan Abdul Aziz Shah,Malaysia,SZB,Kuantan,Malaysia,KUA,Kuching,Malaysia,KCH,Kumamoto,Japan,KMJ,Kununurra,Australia,KNX,Kuopio,Finland,KUO,Kushiro,Japan,KUH,Kuujjuaq (FortChimo),Canada,YVP,Kuujjuarapik,Canada,YGW,Kuusamo,Finland,KAO,Kuwait - Kuwait Int'l,Kuwait,KWI,Kyoto,Japan,UKY,Labe,Guinea,LEK,"Labouchere Bay, AK",USA,WLB,Labuan,Malaysia,LBU,"Lac Brochet, MB",Canada,XLB,La Coruna,Spain,LCG,"La Crosse, WI",USA,LSE,Lae,Papua New Guinea,LAE,La Rochelle,France,LRH,"Lafayette, IN",USA,LAF,"Lafayette, La",USA,LFT,Lagos - Murtala Muhammed,Nigeria,LOS,La Grande,Canada,YGL,Lahore,Pakistan,LHE,"Lake Charles, La",USA,LCH,"Lake Havasu City, AZ",USA,HII,"Lake Tahoe, CA",USA,TVL,Lakselv,Norway,LKL,Lambarene,Gabon,LBQ,Lamezia Terme,Italy,SUF,Lampedusa,Italy,LMP,"Lanai City, HI",USA,LNY,"Lancaster, PA",USA,LNS,Langkawi,Malaysia,LGK,Lannion,France,LAI,Lanseria,South Africa,HLA,"Lansing, MI",USA,LAN,La Paz - El Alto,Bolivia,LPB,La Paz - Leon,Mexico,LAP,Lappeenranta,Finland,LPP,"Laramie, WY",USA,LAR,"Laredo, TX",USA,LRD,Larnaca,Cyprus,LCA,Las Palmas,Spain,LPA,"Las Vegas, NV",USA,LAS,"Latrobe, PA",USA,LBE,Launceston,Australia,LST,"Laurel/Hattisburg, MS",USA,PIB,Laverton,Australia,LVO,"Lawton, OK",USA,LAW,Lazaro Cardenas,Mexico,LZC,Leaf Rapids,Canada,YLR,Learmouth (Exmouth),Australia,LEA,"Lebanon, NH",USA,LEB,Leeds/Bradford,United Kingdom,LBA,Leinster,Australia,LER,Leipzig,Germany,LEJ,Lelystad,Netherlands,LEY,Leon,Mexico,BJX,Leonora,Australia,LNO,"Lewiston, ID",USA,LWS,"Lewistown, MT",USA,LWT,"Lexington, KY",USA,LEX,Libreville,Gabon,LBV,Lidkoeping,Sweden,LDK,Liege,Belgium,LGG,Lifou,"Loyaute, Pazifik",LIF,"Lihue, HI",USA,LIH,Lille,France,LIL,Lilongwe - Lilongwe International,Malawi,LLW,Lima - J Chavez Int'l,Peru,LIM,Limassol,Cyprus,QLI,Limoges,France,LIG,"Lincoln, NE",USA,LNK,Lindeman Island,Australia,LDC,Linz - Hoersching,Austria,LNZ,Lisala,"Congo, Democratic Republic of The",LIQ,Lisbon - Lisboa,Portugal,LIS,Lismore,Australia,LSY,"Little Rock, AR",USA,LIT,Liverpool,United Kingdom,LPL,Lizard Island,Australia,LZR,Ljubljana - Brnik,Slovenia,LJU,Lockhart River,Australia,IRG,Lome,Togo,LFW,London,Canada,YXU,London,United Kingdom,LON,London - City Airport,United Kingdom,LCY,London - Gatwick,United Kingdom,LGW,London - Heathrow,United Kingdom,LHR,London - Luton,United Kingdom,LTN,London - Stansted,United Kingdom,STN,"Long Beach, CA",USA,LGB,"Long Island, AK",USA,LIJ,"Long Island, Islip, NY - Mac Arthur",USA,ISP,Longreach,Australia,LRE,"Longview/Kilgore, TX",USA,GGG,Longyearbyen - Svalbard,Svalbard/Norway,LYR,Loreto,Mexico,LTO,Lorient,France,LRT,"Los Angeles, CA - Int'l",USA,LAX,Los Cabos,Mexico,SJD,Los Mochis,Mexico,LMM,Los Rodeos,Teneriffa/Spain,TFN,(Mali) Losinj - Losinj Arpt,Croatia (Hrvatska),LSZ,Lourdes/Tarbes,France,LDE,"Louisville, KY",USA,SDF,Luanda - 4 de Fevereiro,Angola,LAD,"Lubbock, TX",USA,LBB,Lucknow,India,LKO,Luederitz,Namibia,LUD,Luga,Malta,MLA,Lugano,Switzerland,LUG,Lulea,Sweden,LLA,Lumbumbashi,Zaire,FBM,Lusaka,Zambia,LUN,Lusisiki,South Africa,LUJ,Luxembourg,Luxembourg,LUX,Luxor,Egypt,LXR,"Lvov (Lwow, Lemberg)",Ukraine,LWO,"Lynchburg, VA",USA,LYH,Lyon,France,LYS,Maastricht/Aachen,Netherlands,MST,Macapa,Brazil,MCP,Macau,"Macau, China SAR",MFM,Maceio,Brazil,MCZ,Mackay,Australia,MKY,"Macon, GA",USA,MCN,Mactan Island - Nab,Philippines,NOP,"Madinah, Mohammad Bin Abdulaziz",Saudi Arabia,MED,"Madison, WI",USA,MSN,Madras (Chennai),India,MAA,Madrid - Barajas,Spain,MAD,Mahe - Seychelles Int'l,Seychelles,SEZ,Mahon,Spain,MAH,Maitland,Australia,MTL,Majunga,Madagascar,MJN,Makung,Taiwan,MZG,Malabo,Equatorial Guinea,SSG,Malaga,Spain,AGP,Male - International,Maledives,MLE,Malindi,Kenya,MYD,Malmo (Malmoe),Sweden,MMA,Malmo (Malmoe) - Sturup,Sweden,MMX,Man,Ivory Coast,MJC,Managua - Augusto C Sandino,Nicaragua,MGA,Manaus,Brazil,MAO,Manchester,United Kingdom,MAN,"Manchester, NH",USA,MHT,Manguna,Papua New Guinea,MFO,Manihi,French Polynesia,XMH,Manila - Ninoy Aquino Int'l,Philippines,MNL,Manzanillo,Mexico,ZLO,Manzini - Matsapha Int'l,Swaziland,MTS,Maputo - Maputo International,Mozambique,MPM,Mar del Plata,Argentina,MDQ,Maracaibo - La Chinita,Venezuela,MAR,Maradi,Niger,MFQ,"Marathon, FL",USA,MTH,Mare,New Caledonia,MEE,Margate,South Africa,MGH,Margerita,Venezuela,PMV,Maribor,Slovenia,MBX,Mariehamn (Maarianhamina),Finland,MHQ,Maroua,Cameroon,MVR,"Marquette, MI",USA,MQT,Marrakech - Menara,Morocco,RAK,Marsa Matrah (Marsa Matruh),Egypt,MUH,Marseille,France,MRS,Marsh Harbour,Bahamas,MHH,"Martha's Vineyard, MA",USA,MVY,Maryborough,Australia,MBH,Maseru - Moshoeshoe Int'l,Lesotho,MSU,"Mason City, IA",USA,MCW,Masvingo,Zimbabwe,MVZ,"Matsumoto, Nagano",Japan,MMJ,Matsuyama,Japan,MYJ,"Mattoon, IL",USA,MTO,Maun,Botswana,MUB,Maupiti,French Polynesia,MAU,Mauritius - S.Seewoosagur Ram Int'l,Mauritius,MRU,Mayaguez,Puerto Rico,MAZ,Mazatlan,Mexico,MZT,"McAllen, TX",USA,MFE,Medan,Indonesia,MES,Medellin,Colombia,MDE,"Medford, OR",USA,MFR,Medina,Saudi Arabia,MED,Meekatharra,Australia,MKR,Melbourne - Tullamarine,Australia,MEL,"Melbourne, FL",USA,MLB,"Memphis, TN",USA,MEM,Mendoza,Argentina,MDZ,Manado,Indonesia,MDC,"Merced, CA",USA,MCE,Merida,Mexico,MID,"Meridian, MS",USA,MEI,Merimbula,Australia,MIM,Messina,South Africa,MEZ,"Metlakatla, AK",USA,MTM,Metz,France,MZM,Mexicali,Mexico,MXL,Mexico City,Mexico,MEX,Mexico City - Juarez International,Mexico,MEX,Mfuwe,Zambia,MFU,"Miami, FL",USA,MIA,Mianwali,Pakistan,MWD,Middlemount,Australia,MMM,"Midland/Odessa, TX",USA,MAF,Mikkeli,Finland,MIK,Milan,Italy,MIL,Milan - Linate,Italy,LIN,Milan - Malpensa,Italy,MXP,Milan - Orio Al Serio,Italy,BGY,Mildura,Australia,MQL,"Miles City, MT",USA,MLS,Milford Sound,New Zealand,MFN,"Milwaukee, WI",USA,MKE,Minatitlan,Mexico,MTT,Mineralnye Vody,Russia,MRV,"Minneapolis - St. Paul Int'l Airport, MN",USA,MSP,"Minot, ND",USA,MOT,"Minsk, International",Belarus,MSQ,Miri,Malaysia,MYY,Mirpur,Pakistan,QML,"Missula, MT",USA,MSO,"Mitchell, SD",USA,MHE,Miyako Jima (Ryuku Islands) - Hirara,Japan,MMY,Mkambati,South Africa,MBM,Moanda,Gabon,MFF,"Mobile, AL - Pascagoula, MS",USA,MOB,"Modesto, CA",USA,MOD,Moenjodaro,Pakistan,MJD,Mogadischu,Somalia,MGQ,Mokuti,Namibia,OKU,"Moline/Quad Cities, IL",USA,MLI,Mombasa - Moi International,Kenya,MBA,Monastir,Tunisia,MIR,Moncton,Canada,YQM,"Monroe, La",USA,MLU,Monrovia,Liberia,MLW,Monrovia - Roberts Int'l,Liberia,ROB,Montenego Bay,Jamaica,MBJ,Montenegro,Brazil,QGF,"Monterey, CA",USA,MRY,Monterrey,Mexico,MTY,Monterrey - Aeropuerto Del Norte,Mexico,NTR,Montevideo - Carrasco,Uruguay,MVD,"Montgomery, AL",USA,MGM,Montpellier - Frejorgues,France,MPL,Montreal,Canada,YMQ,Montreal - Dorval (Montréal-Trudeau),Canada,YUL,Montreal - Mirabel,Canada,YMX,"Montrose/Tellruide, CO",USA,MTJ,Moorea,French Polynesia,MOZ,Moranbah,Australia,MOV,Moree,Australia,MRZ,Morelia,Mexico,MLM,"Morgantown, WV",USA,MGW,"Morioka, Hanamaki",Japan,HNA,Moroni - Prince Said Ibrahim,Comoros (Comores),HAH,Moroni - Iconi,Comoros (Comores),YVA,Moscow - Metropolitan Area,Russia,MOW,Moscow - Domodedovo,Russia,DME,Moscow - Sheremetyevo,Russia,SVO,Moscow - Vnukovo,Russia,VKO,"Moses Lake, WA",USA,MWH,Mostar,Bosnia and Herzegovina,OMO,Mosul,Iraq,OSM,Mouila,Gabon,MJL,Moundou,Chad,MQQ,Mount Cook,New Zealand,GTN,Mount Gambier,Australia,MGB,Mount Magnet,Australia,MMG,Mt. Isa,Australia,ISA,"Mt. McKinley, AK",USA,MCL,Muenchen (Munich) - Franz Josef Strauss,Germany,MUC,Muenster/Osnabrueck,Germany,FMO,Muenster/Osnabrueck,Germany,MSR,Mulhouse,France,MLH,Multan,Pakistan,MUX,Murcia,Spain,MJV,Murmansk,Russia,MMK,Muscat - Seeb,Oman,MCT,"Muscle Shoals, AL",USA,MSL,"Muskegon, MI",USA,MKG,Muzaffarabad,Pakistan,MFG,Mvengue,Gabon,MVB,Mykonos,Greece,JMK,"Myrtle Beach, SC",USA,MYR,Miyazaki,Japan,KMI,Mytilene (Lesbos),Greece,MJT,Mzamba,South Africa,MZF,Nadi,Fiji,NAN,Nagasaki,Japan,NGS,Nagoya - Komaki AFB,Japan,NGO,Nagpur,India,NAG,Nairobi,Kenya,NBO,Nancy,France,ENC,Nanisivik,Canada,YSR,Nanning,"Guangxi, China",NNG,Nantes,France,NTE,"Nantucket, MA",USA,ACK,Naples,Italy,NAP,"Naples, FL",USA,APF,Narrabri,Australia,NAA,Narrandera,Australia,NRA,Narsarsuaq,Greenland,UAK,"Nashville, TN",USA,BNA,Nassau,Bahamas,NAS,Natal,Brazil,NAT,Nausori,Fiji/Suva,SUV,Nawab Shah,Pakistan,WNS,N'Djamena,Chad,NDJ,N'Dola,Zambia,NLA,Nelson,New Zealand,NSN,Nelspruit,South Africa,NLP,Nelspruit - Kruger Mpumalanga Int'l Airport,", ZA",MQP,Nevis,Nevis,NEV,"New Bern, NC",USA,EWN,"New Haven, CT",USA,HVN,"New Orleans, La",USA,MSY,New Valley - Kharga,Egypt,UVL,"New York - John F. Kennedy, NY",USA,JFK,"New York - La Guardia, NY",USA,LGA,"New York - Newark, NJ",USA,EWR,"New York, NY",USA,NYC,"Newburgh, NY",USA,SWF,Newcastle - Belmont,Australia,BEO,Newcastle - Williamtown,Australia,NTL,Newcastle,United Kingdom,NCL,Newcastle,South Africa,NCS,Newman,Australia,ZNE,"Newport News/Williamsburg, VA",USA,PHF,N'Gaoundere,Cameroon,NGE,Niagara Falls Int'l,USA,IAG,Niamey,Niger,NIM,Nice - Cote D'Azur,France,NCE,Nicosia,Cyprus,NIC,Nikolaev,Ukraine,NLV,Niigata,Japan,KIJ,Nimes,France,FNI,Nis,Yugoslavia,INI,"Nome, AK",USA,OME,Noosa,Australia,NSA,Norfolk Island,Australia,NLK,"Norfolk/Virginia Beach, VA",USA,ORF,Norman Wells,Canada,YVQ,Norrkoeping,Sweden,NRK,"North Bend, OR",USA,OTH,North Eleuthera,Bahamas,ELH,Nouadhibou,Mauritania,NDB,Nouakchott,Mauritania,NKC,Noumea,New Caledonia,NOU,Novi Sad,Yugoslavia,QND,Novosibirsk - Tolmachevo,Russia,OVB,Nürnberg (Nuremberg),Germany,NUE,Nuevo Laredo,Mexico,NLD,Nuku'alofa - Fua'Amotu International,Tonga,TBU,"Oakland, CA",USA,OAK,Oaxaca,Mexico,OAX,Odense,Denmark,ODE,Odessa,Ukraine,ODS,Oerebro,Sweden,ORB,Ohrid,Macedonia,OHD,Oita,Japan,OIT,Okayama,Japan,OKJ,"Okinawa, Ryukyo Island - Naha",Japan,OKA,"Oklahoma City, OK - Will Rogers World",USA,OKC,Olbia,Italy,OLB,Olympic Dam,Australia,OLP,"Omaha, NE",USA,OMA,Ondangwa,Namibia,OND,"Ontario, CA",USA,ONT,Oran (Ouahran),Algeria,ORN,Orange,Australia,OAG,"Orange County (Santa Ana), CA",USA,SNA,Oranjemund,Namibia,OMD,Orkney,United Kingdom,KOI,"Orlando Metropolitan Area, FL",USA,ORL,"Orlando Int'l Airport, FL",MCO,ORL,Orpheus Island,Australia,ORS,"Osaka, Metropolitan Area",Japan,OSA,Osaka - Itami,Japan,ITM,Osaka - Kansai Int'l Airport,Japan,KIX,"Oshkosh, WI",USA,OSH,Osijek,Croatia (Hrvatska),OSI,Oslo,Norway,OSL,Oslo - Fornebu,Norway,FBU,Oslo - Sandefjord,Norway,TRF,Ottawa - Hull,Canada,YOW,Ouadda,Central African Republic,ODA,Ouarzazate,Morocco,OZZ,Oudtshoorn,South Africa,OUH,Ouagadougou,Burkina Faso,OUA,Oujda,Morocco,OUD,Oulu,Finland,OUL,Oviedo,Spain,OVD,"Owensboro, KY",USA,OWB,"Oxnard, CA",USA,OXR,Oyem,Gabon/Loyautte,UVE,Paderborn/Lippstadt,Germany,PAD,"Paducah, KY",USA,PAH,"Page/Lake Powell, AZ",USA,PGA,Pago Pago,American Samoa,PPG,"Pakersburg, WV/Marietta, OH",USA,PKB,Palermo - Punta Raisi,Italy,PMO,"Palm Springs, CA",USA,PSP,Palma de Mallorca,Spain,PMI,"Palmdale/Lancaster, CA",USA,PMD,Palmerston North,New Zealand,PMR,Panama City - Tocumen International,Panama,PTY,"Panama City, FL",USA,PFN,Panjgur,Pakistan,PJG,Pantelleria,Italy,PNL,Papeete - Faaa,French Polynesia (Tahiti),PPT,Paphos,Cyprus,PFO,Paraburdoo,Australia,PBO,Paramaribo - Zanderij Int'l,Suriname,PBM,Paris,France,PAR,Paris - Charles de Gaulle,France,CDG,Paris - Le Bourget,France,LBG,Paris - Orly,France,ORY,Paro,Bhutan,PBH,"Pasco, WA",USA,PSC,Pasni,Pakistan,PSI,Patna,India,PAT,Pattaya,Thailand,PYX,Pau,France,PUF,"Pellston, MI",USA,PLN,Penang International,Malaysia,PEN,"Pendelton, OR",USA,PDT,"Pensacola, FL",USA,PNS,"Peoria/Bloomington, IL",USA,PIA,Pereira,Colombia,PEI,Perpignan,France,PGF,Perth Int'l,Australia,PER,Perugia,Italy,PEG,Pescara,Italy,PSR,Peshawar,Pakistan,PEW,"Petersburg, AK",USA,PSG,Phalaborwa,South Africa,PHW,"Philadelphia, PA - Int'l",USA,PHL,Phnom Penh - Pochentong,Cambodia,PNH,"Phoenix, AZ - Sky Harbor Int'l",USA,PHX,Phuket,Thailand,HKT,"Pierre, SD",USA,PIR,Pietermaritzburg,South Africa,PZB,Pietersburg,South Africa,PTG,Pilanesberg/Sun City,South Africa,NTY,Pisa - Gal Galilei,Italy,PSA,"Pittsburgh Int'l Airport, PA",USA,PIT,"Plattsburgh, NY",USA,PLB,Plettenberg Bay,South Africa,PBZ,"Pocatello, ID",USA,PIH,Podgorica,Yugoslavia,TGD,Pohnpei,Micronesia,PNI,Pointe a Pitre,Guadeloupe,PTP,Pointe Noire,Congo,PNR,Ponce,Puerto Rico,PSE,Ponta Delgada,Portugal,PDL,Pori,Finland,POR,"Port Angeles, WA",USA,CLM,Port au Prince,Haiti,PAP,Port Augusta,Australia,PUG,Port Elizabeth,South Africa,PLZ,Port Gentil,Gabon,POG,Port Harcourt,Nigeria,PHC,Port Hedland,Australia,PHE,Portland,Australia,PTJ,"Portland, ME",USA,PWM,"Portland Int'l, OR",USA,PDX,Port Lincoln,Australia,PLO,Port Macquarie,Australia,PQQ,"Port Menier, PQ",Canada,YPN,Port Moresby - Jackson Field,Papua New Guinea,POM,Porto,Portugal,OPO,Porto Alegre,Brazil,POA,Port of Spain,Trinidad,POS,Port Said,Egypt,PSD,Porto Santo,Portugal,PXO,Porto Velho,Brazil,PVH,Port Vila,Vanuatu,VLI,"Poughkeepsie, NY",USA,POU,"Poznan, Lawica",Poland,POZ,Prague - Ruzyne,Czech Republic,PRG,Praia,Cape Verde,RAI,"Presque Island, ME",USA,PQI,Pretoria - Wonderboom Apt.,South Africa,PRY,Preveza/Lefkas,Greece,PVK,Prince George,Canada,YXS,Prince Rupert/Digby Island,Canada,YPR,Pristina,Yugoslavia,PRN,Prosperpine,Australia,PPP,"Providence, RI",USA,PVD,"Prudhoe Bay, AK",USA,SCC,Puebla,Mexico,PBC,"Pueblo, CO",USA,PUB,Puerto Escondido,Mexico,PXM,Puerto Ordaz,Venezuela,PZO,Puerto Plata,Dominican Republic,POP,Puerto Vallarta,Mexico,PVR,Pukatawagan,Canada,XPK,Pula,Croatia (Hrvatska),PUY,"Pullman, WA",USA,PUW,Pune,India,PNQ,Punta Arenas,Chile,PUQ,Punta Cana,Dominican Republic,PUJ,Pu San (Pusan) - Kimhae,South Korea,PUS,Pyongyang - Sunan,North Korea,FNJ,Quebec - Quebec Int'l,Canada,YQB,Queenstown,Australia,UEE,Queenstown,New Zealand,ZQN,Quetta,Pakistan,UET,Qingdao,"Shandong, China",TAO,Quimper,France,UIP,"Quincy, IL",USA,UIN,Quito - Mariscal Sucr,Ecuador,UIO,Rabat - Sale,Morocco,RBA,Rahim Yar Khan,Pakistan,RYK,Raiatea,French Polynesia,RFP,"Rainbow Lake, AB",Canada,YOP,Rajkot,India,RAJ,"Raleigh/Durham, NC",USA,RDU,Ranchi,India,IXR,Rangiroa,French Polynesia,RGI,Rangoon (Yangon) - Mingaladon,Myanmar (Burma),RGN,"Rapid City, SD",USA,RAP,Rarotonga Cook,Island,RAR,Ras al Khaymah (Ras al Khaimah),UAE,RKT,Rawala Kot,Pakistan,RAZ,Rawalpindi,Pakistan,RWP,"Reading, PA",USA,RDG,Recife,Brazil,REC,"Redding, CA",USA,RDD,"Redmond, OR",USA,RDM,Reggio Calabria,Italy,REG,Regina,Canada,YQR,Reina Sofia,Teneriffa/Spain,TFS,Rennes,France,RNS,"Reno, NV",USA,RNO,Resolute Bay,Canada,YRB,Reus,Spain,REU,Reykjavik - Metropolitan Area,Iceland,REK,Reykjavik - Keflavik International,Iceland,KEF,"Rhinelander, WI",USA,RHI,Rhodos,Greece,RHO,Richards Bay,South Africa,RCB,"Richmond, VA",USA,RIC,Riga,Latvia,RIX,Rijeka,Croatia (Hrvatska),RJK,Rimini,Italy,RMI,Rio Branco,Brazil,RBR,Rio de Janeiro - Galeao,Brazil,GIG,Rio de Janeiro - Santos Dumont,Brazil,SDU,Rio de Janeiro,Brazil,RIO,Riyadh - King Khaled Int'l,Saudi Arabia,RUH,Roanne,France,RNE,"Roanoke, VA",USA,ROA,Roatan,Honduras,RTB,"Rochester, MN",USA,RST,"Rochester, NY",USA,ROC,Rock Sound,Bahamas,RSD,"Rock Springs, WY",USA,RKS,"Rockford, IL",USA,RFD,Rockhampton,Australia,ROK,"Rockland, ME",USA,RKD,"Rocky Mount - Wilson, NC",USA,RWI,Rodez,France,RDZ,Rodrigues Island,Mauritius,RRG,Roenne,Denmark,RNN,Rome,Italy,ROM,Rome - Ciampino,Italy,CIA,Rome - Fuimicino,Italy,FCO,Ronneby,Sweden,RNB,Rosario,Argentina,ROS,Rotorua,New Zealand,ROT,Rotterdam,Netherlands,RTM,Rovaniemi,Finland,RVN,Rundu,Namibia,NDU,Ruse,Bulgaria,ROU,Saarbruecken,Germany,SCN,"Sacramento, CA",USA,SMF,Sado Shima,Japan,SDS,"Saginaw/Bay City/Midland, MI",USA,MBS,Saidu Sharif,Pakistan,SDT,Saigon (Ho Chi Minh City),Viet Nam,SGN,Saint Brieuc,France,SBK,Saint Denis de la Reunion,Reunion,RUN,Saint John,Canada,YSJ,Saipan,Northern Mariana Islands,SPN,Sal,Cape Verde,SID,Salalah,Oman,SLL,"Salem, OR",USA,SLE,"Salinas, CA",USA,SNS,Salinas,Ecuador,SNC,Salisbury,Zimbabwe,SAY,"Salisbury, MD",USA,SBY,Saloniki,Greece,SKG,"Salta, Gen Belgrano",Argentina,SLA,"Salt Lake City, UT",USA,SLC,Salvador,Brazil,SSA,Salzburg - W.A. Mozart,Austria,SZG,Samarkand,Uzbekistan,SKD,Samos,Greece,SMI,San Andres,Colombia,ADZ,"San Angelo, TX",USA,SJT,"San Antonio, TX",USA,SAT,San Carlos de Bariloche,Argentina,BRC,"San Diego - Lindberg Field Int'l, CA",USA,SAN,"San Francisco - Int'l Airport, SA",USA,SFO,San Jose Cabo,Mexico,SJD,San Jose,Costa Rica,SJO,"San Jose, CA",USA,SJC,San Juan Perto,Rico,SJU,"San Luis Obisco, CA",USA,SBP,San Luis Potosi,Mexico,SLP,San Pedro,Ivory Coast,SPY,San Pedro Sula,Honduras,SAP,San Salvador,Bahamas,ZSA,San Salvador,El Salvador,SAL,San Sebastian,Spain,EAS,Sanaa (Sana'a) - Sana'a International,Yemen,SAH,Sandspit,Canada,YZP,"Santa Barbara, CA",USA,SBA,Santa Cruz de la Palma,Spain,SPC,Santa Cruz de la Sierra,Bolivia,SRZ,Santa Katarina - Mount Sinai,Egypt,SKV,Santa Maria,Portugal,SMA,"Santa Maria, CA",USA,SMX,Santander,Spain,SDR,"Santa Rosa, CA",USA,STS,Santa Rosa,Bolivia,SRB,Santa Rosa,Brazil,SRA,Santa Rosa,Argentina,RSA,Santa Rosa Copan,Honduras,SDH,Santa Rosalia,Colombia,SSL,Santa Rosalia,Mexico,SRL,Santiago - Antonio Maceo Airport,Cuba,SCU,Santiago de Chile - Arturo Merino Benitez,Chile,SCL,Santiago de Compostela,Spain,SCQ,Santo,Vanuatu,SON,Santo Domingo,Dominican Republic,SDQ,Sao Luis,Brazil,SLZ,Sao Paulo,Brazil,SAO,Sao Paulo - Congonhas,Brazil,CGH,Sao Paulo - Guarulhos,Brazil,GRU,Sao Paulo - Viracopos,Brazil,VCP,Sao Tome,Sao Tome & Principe,TMS,Sapporo,"Hokkaido, Japan",SPK,Sapporo - Okadama,"Hokkaido, Japan",OKD,Sapporo - Shin-Chitose Airport,Japan,CTS,Sarajevo,Bosnia and Herzegovina,SJJ,"Sarasota/Bradenton, FL",USA,SRQ,Saskatoon,Canada,YXE,Sassandra,Ivory Coast,ZSS,"Savannah, GA",USA,SAV,Savonlinna,Finland,SVL,Scone,Australia,NSO,"Scottsdale, AZ",USA,SCF,"Seattle/Tacoma, WA",USA,SEA,Sehba,Libya,SEB,Seinaejoki,Finland,SJY,Selibi Phikwe,Botswana,PKW,Sendai,Japan,SDJ,Seoul - Incheon Int'l Airport,South Korea,ICN,Seoul - Kimpo,South Korea,SEL,Sevilla,Spain,SVQ,Sfax,Tunisia,SFA,"Shamattawa, MB",Canada,ZTM,Shanghai - Hongqiao,China,SHA,Shanghai - Pu Dong,China,PVG,Shannon (Limerick),Ireland,SNN,Sharjah,UAE,SHJ,Sharm El Sheikh,Egypt,SSH,"Sheffield, City Airport",UK,SZD,"Sheffield, Doncaster, Robin Hood Int'l Airport",UK,DCS,"Shenandoah Valley/Stauton, VA",USA,SHD,Shenyang,"Liaoning, China",SHE,Shenzhen,"Guangdong, China",SZX,"Sheridan, WY",USA,SHR,"Shreveport, La",USA,SHV,Shute Harbour,Australia,JHQ,Sibu,Malaysia,SBW,"Sidney, MT",USA,SDY,Silistra,Bulgaria,SLS,Simferopol,Ukraine,SIP,Sindhri,Pakistan,MPD,Singapore - Paya Lebar,Singapore,QPG,Singapore - Changi,Singapore,SIN,Singleton,Australia,SIX,"Sioux City, IA",USA,SUX,"Sioux Falls, SD",USA,FSD,Sishen,South Africa,SIS,"Sitka, AK",USA,SIT,Siwa,Egypt,SEW,"Skagway, AK",USA,SGY,Skardu,Pakistan,KDU,Skiathos,Greece,JSI,Skopje,Macedonia,SKP,Skrydstrup,Denmark,SKS,Skukuza,South Africa,SZK,Sligo,Ireland,SXL,Smithers,Canada,YYD,Sodankylae,Finland,SOT,Soenderborg,Denmark,SGD,Soendre Stroemfjord,Greenland,SFJ,Sofia - Vrazhdebna,Bulgaria,SOF,Sogndal,Norway,SOG,Southampton - Eastleigh,United Kingdom,SOU,"South Bend, IN",USA,SBN,"South Indian Lake, MB",Canada,XSI,South Molle Island,Australia,SOI,Southend,United Kingdom,SEN,Split,Croatia (Hrvatska),SPU,"Spokane, WA",USA,GEG,Springbok,South Africa,SBU,"Springfield, IL",USA,SPI,"Springfield, MO",USA,SGF,Srinagar,India,SXR,"St. Augustin, PQ",Canada,YIF,St. Croix,Virgin Islands,STX,St. Etienne,France,EBU,"St. George, UT",USA,SGU,St. John's,Canada,YYT,St. Kitts,St. Kitts And Nevis,SKB,"St. Louis - Lambert, MO",USA,STL,St. Lucia Hewanorra,St. Lucia,UVF,St. Lucia Vigle,St. Lucia,SLU,St. Marteen,Netherlands Antilles,SXM,St. Martin,St. Martin,SFG,St. Petersburg (Leningrad) - Pulkovo,Russia,LED,"St. Pierre, NF",Canada,FSP,St. Thomas,Virgin Islands,STT,St. Vincent,St. Vincent,SVD,Stansted (London),United Kingdom,STN,"State College/Belefonte, PA",USA,SCE,Stavanger,Norway,SVG,"Steamboat Springs, CO",USA,HDN,Stettin,Poland,SZZ,Stockholm Metropolitan Area,Sweden,STO,Stockholm - Arlanda,Sweden,ARN,Stockholm - Bromma,Sweden,BMA,"Stockton, CA",USA,SCK,Stornway,United Kingdom,SYY,Strassburg,France,SXB,Streaky Bay,Australia,KBY,Stuttgart - Echterdingen,Germany,STR,Sui,Pakistan,SUL,Sukkur,Pakistan,SKZ,Sumburgh (Shetland),United Kingdom,LSI,"Sun Valley, ID",USA,SUN,Sundsvall,Sweden,SDL,Sunshine Coast,Australia,MCY,Surabaya - Juanda,Indonesia,SUB,Surat,India,STV,Suva/Nausori,Fiji,SUV,Swakopmund,Namibia,SWP,Sydney - Kingsford Smith,Australia,SYD,Sylhet,Bangladesh,ZYL,"Syracuse, NY",USA,SYR,Tabuk,Saudi Arabia,TUU,Taif,Saudi Arabia,TIF,Taipei - Chiang Kai Shek,Taiwan,TPE,Taipei - Sung Shan,Taiwan,TAY,Taiyuan,"Shanxi, China",TYN,Takamatsu,Japan,TAK,"Talkeetna, AK",USA,TKA,"Tallahassee, FL",USA,TLH,Tallinn - Pirita Harbour,Estonia,QUF,Tallinn - Ulemiste,Estonia,TLL,"Tampa Int'l, FL",USA,TPA,Tampere,Finland,TMP,Tampico - Gen. F. Javier Mina,Mexico,TAM,Tamworth,Australia,TMW,Tanger - Boukhalef,Morocco,TNG,Taree,Australia,TRO,Targovishte,Bulgaria,TGV,Tashkent - Vostochny,Uzbekistan,TAS,Tawau,Malaysia,TWU,Tbilisi - Novo Alexeyevka,Georgia,TBS,Te Anau,New Zealand,TEU,"Teesside, Durham Tees Valley",United Kingdom,MME,Tegucigalpa,Honduras,TGU,Tehran (Teheran) - Mehrabad,Iran,THR,Tel Aviv - Ben Gurion Int'l,Israel,TLV,"Telluride, CO",USA,TEX,Temora,Australia,TEM,Tenerife,Spain,TCI,Tenerife - Sur Reina Sofia,Spain,TFS,Tenerife - Norte Los Rodeos,Spain,TFN,Tennant Creek,Australia,TCA,Terceira,Portugal,TER,Teresina,Brazil,THE,Termez (Termes),Uzbekistan,TMZ,Terrace,Canada,YXT,"Terre Haute, IN",USA,HUF,"Texarkana, AR",USA,TXK,Thaba'Nchu,South Africa,TCU,The Pas,Canada,YQD,Thessaloniki - Makedonia Apt.,Greece,SKG,"Thief River Falls, MN",USA,TVF,Thira,Greece,JTR,Thiruvananthapuram,India,TRV,Thisted,Denmark,TED,Thompson,Canada,YTH,"Thorne Bay, AK",USA,KTB,Thunder Bay,Canada,YQT,Thursday Island,Australia,TIS,Tianjin,China,TSN,Tijuana - Rodriguez,Mexico,TIJ,Tioman,Indonesia,TOD,Tirana - Rinas,Albania,TIA,Tiruchirapally,India,TRZ,Tivat,Yugoslavia,TIV,Tobago,Tobago,TAB,Tokushima,Japan,TKS,Tokyo,Japan,TYO,Tokyo - Haneda,Japan,HND,Tokyo - Narita,Japan,NRT,"Toledo, OH",USA,TOL,Tom Price,Australia,TPR,Toowoomba,Australia,TWB,Toronto Island,Canada,YTZ,Toronto - Lester B. Pearson,Canada,YYZ,Toronto,Canada,YTO,Tortola,Virgin Islands,EIS,Touho,New Caledonia,TOU,Toulouse - Blagnac,France,TLS,Townsville,Australia,TSV,Toyama,Japan,TOY,Trapani,Italy,TPS,"Traverse City, MI",USA,TVC,Treasure Cay,Bahamas,TCB,"Trenton/Princeton, NJ",USA,TTN,Treviso,Italy,TSF,"Tri-Cities Regional, TN/VA",USA,TRI,Trieste,Italy,TRS,Tripoli - Tripoli Int'l,Libya,TIP,Tromsoe,Norway,TOS,Trondheim,Norway,TRD,Tsumeb,Namibia,TSB,"Tucson, AZ",USA,TUS,"Tulepo, MS",USA,TUP,"Tulsa, OK",USA,TUL,Tunis - Carthage,Tunisia,TUN,Turbat,Pakistan,TUK,Turin,Italy,TRN,Turku,Finland,TKU,"Tuscaloosa, AL",USA,TCL,Tuxtla Gutierrez,Mexico,TGZ,"Twin Falls, ID",USA,TWF,"Tyler, TX",USA,TYR,"Uberlandia, MG",Brazil,UDI,Ujung Pandang,Indonesia,UPG,Ulaanbaatar - Buyant Uhaa,Mongolia,ULN,Ulan-Ude,Russia,UUD,Ulundi,South Africa,ULD,Umtata,South Africa,UTT,Upington,South Africa,UTN,Urumqi,"Xinjiang, China",URC,Utapao (Pattaya),Thailand,UTP,"Utica, NY",USA,UCA,Vaasa,Finland,VAA,Vaexjoe,Sweden,VXO,"Vail, CO",USA,EGE,Val d'Or,Canada,YVO,"Valdez, AK",USA,VDZ,"Valdosta, GA",USA,VLD,Valencia,Spain,VLC,Valencia,Venezuela,VLN,Valladolid,Spain,VLL,Valparaiso,Chile,VAP,Valverde,Spain,VDE,Vancouver - Vancouver Int'l,Canada,YVR,Varadero,Cuba,VRA,Varanasi,India,VNS,Varkaus,Finland,VRK,Varna,Bulgaria,VAR,Vasteras,Sweden,VST,Velikiye Luki (Welikije Luki),Russia,VLU,Venice - Marco Polo,Italy,VCE,Veracruz,Mexico,VER,"Vernal, UT",USA,VEL,"Vero Beach/Ft. Pierce, FL",USA,VRB,Verona (Brescia) Montichiari,Italy,VBS,Verona,Italy,VRN,Victoria,Canada,YYJ,Victoria Falls,Zimbabwe,VFA,Vidin,Bulgaria,VID,Vientiane - Wattay,Laos,VTE,Vigo,Spain,VGO,Villahermosa,Mexico,VSA,Virgin Gorda,Virgin Islands,VIJ,"Visalia, CA",USA,VIS,Visby,Sweden,VBY,Vitoria,Spain,VIT,Vitoria,Brazil,VIX,Vryheid,South Africa,VYD,Wabush,Canada,YWK,"Waco, TX",USA,ACT,Wagga,Australia,WGA,"Walla Walla, WA",USA,ALW,Wallis,Wallis and Futuna Islands,WLS,Walvis Bay,South Africa,WVB,Warrnambool,Australia,WMB,Warsaw,Poland,WAW,Washington DC - Baltimore Washington Int'l,USA,BWI,Washington DC - Dulles Int'l,USA,IAD,Washington DC - Ronald Reagan National,USA,DCA,"Washington, DC",USA,WAS,"Waterloo, IA",USA,ALO,"Watertown, SD",USA,ATY,"Wausau/Stevens Point, WI",USA,CWA,Weipa,Australia,WEI,Welkom,South Africa,WEL,Wellington,New Zealand,WLG,"Wenatchee, WA",USA,EAT,"West Palm Beach, FL",USA,PBI,"West Yellowstone, MT",USA,WYS,Westerland,Germany,GWT,Whakatane,New Zealand,WHK,"Whale Cove, NT",Canada,YXN,Whangarei,New Zealand,WRE,"White Plains, NY",USA,HPN,Whitehorse,Canada,YXY,Whitsunday Resort,Australia,HAP,Whyalla,Australia,WYA,"Wichita Falls, TX",USA,SPS,"Wichita, KS",USA,ICT,Wick,United Kingdom,WIC,Wickham,Australia,WHM,Wien (Vienna) - Vienna Int'l,Austria,VIE,"Wiesbaden, Air Base",Germany,WIE,"Wilkes Barre/Scranton, PA",USA,AVP,"Williamsport, PA",USA,IPT,"Williston, ND",USA,ISL,"Wilmington, NC",USA,ILM,Wilna (Vilnius),Lithuania,VNO,Wiluna,Australia,WUN,Windhoek - Eros,Namibia,ERS,Windhoek - Hosea Kutako Int'l,Namibia,WDH,Windsor Ontario,Canada,YQG,Winnipeg Int'l,Canada,YWG,"Wolf Point, MT",USA,OLF,Wollongong,Australia,WOL,Woomera,Australia,UMR,"Worcester, MA",USA,ORH,"Worland, WY",USA,WRL,"Wrangell, AK",USA,WRG,Wuhan,"Hubei, China",WUH,Wyndham,Australia,WYN,Xiamen,"Fujian, China",XMN,Xi'an - Xianyang,"Shaanxi, China",XIY,"Yakima, WA",USA,YKM,"Yakutat, AK",USA,YAK,Yakutsk,Russian Federation,YKS,"Yamagata, Junmachi",Japan,GAJ,Yamoussoukro,Côte d'Ivoire (Ivory Coast),ASK,Yanbu,Saudi Arabia,YNB,Yangon (Rangoon) - Mingaladon,Myanmar (Burma),RGN,Yaounde,Cameroon,YAO,Yellowknife,Canada,YZF,Yokohama,Japan,YOK,"Yuma, AZ",USA,YUM,Zacatecas,Mexico,ZCL,Zadar,Croatia (Hrvatska),ZAD,Zagreb - Pleso,Croatia (Hrvatska),ZAG,Zakynthos,Greece,ZTH,Zaragoza,Spain,ZAZ,Zhob,Pakistan,PZH,Zinder,Niger,ZND,Zouerate,Mauritania,OUZ,Zurich (Zürich) - Kloten,Switzerland,ZRH